i,j,size,threads,time,iters_cg,iters_second,newton_iter
256,1,256,1,0.796993,2781,3489.37,300
256,1,512,4,3.38612,5358,1582.34,300
256,1,1024,16,25.5021,10537,413.181,305
256,2,256,2,0.788496,2781,3526.97,300
256,2,512,8,4.29062,5358,1248.77,300
256,2,1024,32,31.7896,10458,328.975,302
256,4,256,4,0.943552,2784,2950.55,300
256,4,512,16,5.02095,5359,1067.33,300
256,4,1024,64,41.5774,10452,251.386,301
