ranks,grid_size,iters_per_second
128,1,4891.473992
256,4,4532.346237
512,16,717.381017
1024,64,155.724268
