i,j,size,threads,time,iters_cg,iters_second,newton_iter
64,1,64,1,0.034169,1007,29471.2,301
64,1,128,4,0.425995,1514,3554.03,300
64,1,256,16,2.20805,2782,1259.94,300
64,1,512,64,14.5878,5357,367.226,300
64,2,64,2,0.151418,1007,6650.46,301
64,2,128,8,1.07376,1514,1410,300
64,2,256,32,3.84947,2781,722.436,300
64,2,512,128,25.673,5360,208.78,300
64,4,64,4,0.274508,1007,3668.38,301
64,4,128,16,1.19771,1513,1263.24,300
64,4,256,64,5.68609,2785,489.792,300
64,4,512,256,66.2244,5368,81.0578,300
