tasks,workers,time
50,2,6.443576
50,4,2.768793
50,8,1.789211
50,16,1.682549
100,2,5.982255
100,4,2.534467
100,8,1.588180
100,16,1.433766
