metric,Decision Tree,Naive Bayes,SVM,MLP,Random Forest,Always Buggy
f1 mean,0.47303470655012636,0.505639094894136,0.40105175434246576,0.46626720291767254,0.4914181938296946,0.4141004566210046
f1 std,0.11020985220600361,0.10380626206106021,0.1186043855028738,0.15766212660801557,0.10466499147291056,0.006283105022831071
